{"X_feature_dict": {"LinearRegression": ["\u98a8\u901f", "\u98a8\u901f\u8d85\u904e\u4e0a\u9650"], "SVR": ["\u98a8\u901f", "\u98a8\u901f\u8d85\u904e\u4e0a\u9650"], "RandomForest": ["\u98a8\u901f", "\u98a8\u901f\u8d85\u904e\u4e0a\u9650"], "XGBoost": ["\u98a8\u901f", "\u98a8\u901f\u8d85\u904e\u4e0a\u9650"], "LightGBM": ["\u98a8\u901f", "\u98a8\u901f\u8d85\u904e\u4e0a\u9650"], "NuSVR": ["\u98a8\u901f", "\u98a8\u901f\u8d85\u904e\u4e0a\u9650"], "FCN": ["\u98a8\u901f", "\u98a8\u901f\u8d85\u904e\u4e0a\u9650"]}, "hyperparameters_dict": {"LinearRegression": {}, "SVR": {"C": 19.941637477202644, "kernel": "rbf"}, "RandomForest": {"max_depth": 6, "n_estimators": 104}, "XGBoost": {"max_depth": 13, "n_estimators": 183}, "LightGBM": {"max_depth": 2, "n_estimators": 57}, "NuSVR": {"C": 0.3788657456257865, "kernel": "linear", "nu": 0.7192573508213723}, "FCN": {"L2_factor": 0.37084253131997197, "dropout_factor": 0.3172613489845384}}, "weights": {"LinearRegression": 0.040709501404987136, "SVR": 0.502651794572579, "RandomForest": 0.10139007092040064, "XGBoost": 0.10830118035307869, "LightGBM": 0.026895841138270694, "NuSVR": 0.11651357614327013, "FCN": 0.10353803546741383}, "fit_wind_square": true}