{"X_feature_dict": {"FCN": ["\u6c23\u6eab", "\u6700\u9ad8\u6c23\u6eab", "\u6700\u4f4e\u6c23\u6eab", "\u65e5\u671f\u6578\u5b57", "\u5047\u65e5", "\u9031\u516d", "\u9031\u65e5", "\u88dc\u73ed", "\u767d\u65e5\u9577\u5ea6", "\u5348\u5f8c\u5e73\u5747\u6c23\u6eab", "\u4e0b\u5348\u5e73\u5747\u6c23\u6eab", "\u508d\u665a\u5e73\u5747\u6c23\u6eab"], "LogisticRegression": ["\u6c23\u6eab", "\u6700\u9ad8\u6c23\u6eab", "\u6700\u4f4e\u6c23\u6eab", "\u65e5\u671f\u6578\u5b57", "\u5047\u65e5", "\u9031\u516d", "\u9031\u65e5", "\u88dc\u73ed", "\u767d\u65e5\u9577\u5ea6", "\u5348\u5f8c\u5e73\u5747\u6c23\u6eab", "\u4e0b\u5348\u5e73\u5747\u6c23\u6eab", "\u508d\u665a\u5e73\u5747\u6c23\u6eab"], "RandomForest": ["\u6c23\u6eab", "\u6700\u9ad8\u6c23\u6eab", "\u6700\u4f4e\u6c23\u6eab", "\u65e5\u671f\u6578\u5b57", "\u5047\u65e5", "\u9031\u516d", "\u9031\u65e5", "\u88dc\u73ed", "\u767d\u65e5\u9577\u5ea6", "\u5348\u5f8c\u5e73\u5747\u6c23\u6eab", "\u4e0b\u5348\u5e73\u5747\u6c23\u6eab", "\u508d\u665a\u5e73\u5747\u6c23\u6eab"], "XGBoost": ["\u6c23\u6eab", "\u6700\u9ad8\u6c23\u6eab", "\u6700\u4f4e\u6c23\u6eab", "\u65e5\u671f\u6578\u5b57", "\u5047\u65e5", "\u9031\u516d", "\u9031\u65e5", "\u88dc\u73ed", "\u767d\u65e5\u9577\u5ea6", "\u5348\u5f8c\u5e73\u5747\u6c23\u6eab", "\u4e0b\u5348\u5e73\u5747\u6c23\u6eab", "\u508d\u665a\u5e73\u5747\u6c23\u6eab"], "LightGBM": ["\u6c23\u6eab", "\u6700\u9ad8\u6c23\u6eab", "\u6700\u4f4e\u6c23\u6eab", "\u65e5\u671f\u6578\u5b57", "\u5047\u65e5", "\u9031\u516d", "\u9031\u65e5", "\u88dc\u73ed", "\u767d\u65e5\u9577\u5ea6", "\u5348\u5f8c\u5e73\u5747\u6c23\u6eab", "\u4e0b\u5348\u5e73\u5747\u6c23\u6eab", "\u508d\u665a\u5e73\u5747\u6c23\u6eab"], "SVC": ["\u6c23\u6eab", "\u6700\u9ad8\u6c23\u6eab", "\u6700\u4f4e\u6c23\u6eab", "\u65e5\u671f\u6578\u5b57", "\u5047\u65e5", "\u9031\u516d", "\u9031\u65e5", "\u88dc\u73ed", "\u767d\u65e5\u9577\u5ea6", "\u5348\u5f8c\u5e73\u5747\u6c23\u6eab", "\u4e0b\u5348\u5e73\u5747\u6c23\u6eab", "\u508d\u665a\u5e73\u5747\u6c23\u6eab"]}, "hyperparameters_dict": {"FCN": {"L2_factor": 0.010331720353741426, "dropout_factor": 0.2217514179233009}, "LogisticRegression": {"C": 1.5354980476655304, "solver": "newton-cholesky"}, "RandomForest": {"max_depth": 13, "n_estimators": 153}, "XGBoost": {"max_depth": 7, "n_estimators": 28}, "LightGBM": {"max_depth": 5, "n_estimators": 34}, "SVC": {"C": 0.5779370340728341, "kernel": "linear"}}, "weights": {"FCN": 0.19939941296833508, "LogisticRegression": 0.21877628070678404, "RandomForest": 0.1762530396507664, "XGBoost": 0.008685300878870946, "LightGBM": 0.2375851505259613, "SVC": 0.15930081526928225}}