{"X_feature_dict": {"LinearRegression": ["\u6eab\u5ea6"], "RandomForest": ["\u6eab\u5ea6"], "XGBoost": ["\u6eab\u5ea6"], "SVR": ["\u6eab\u5ea6"], "NuSVR": ["\u6eab\u5ea6"], "LightGBM": ["\u6eab\u5ea6"]}, "hyperparameters_dict": {"LinearRegression": {}, "RandomForest": {"max_depth": 4, "n_estimators": 156}, "XGBoost": {"max_depth": 2, "n_estimators": 15}, "SVR": {"C": 0.0728374975766668, "kernel": "linear"}, "NuSVR": {"C": 0.9995438427496642, "kernel": "rbf", "nu": 0.4900179080149257}, "LightGBM": {"max_depth": 5, "n_estimators": 26}}, "weights": {"LinearRegression": 0.02071522760314463, "RandomForest": 0.2528464253018922, "XGBoost": 0.2572649913703714, "SVR": 0.1564256551220247, "NuSVR": 0.03317829722239636, "LightGBM": 0.2795694033801709}}