{"X_feature_dict": {"RandomForest": ["\u6eab\u5ea6"], "SVR": ["\u6eab\u5ea6"], "NuSVR": ["\u6eab\u5ea6"], "LightGBM": ["\u6eab\u5ea6"]}, "hyperparameters_dict": {"RandomForest": {"max_depth": 5, "n_estimators": 157}, "SVR": {"C": 0.03285451195424936, "kernel": "linear"}, "NuSVR": {"C": 0.054205394168306706, "kernel": "linear", "nu": 0.5556820126510006}, "LightGBM": {"max_depth": 5, "n_estimators": 22}}, "weights": {"RandomForest": 0.3528864087588781, "SVR": 0.18035705007073952, "NuSVR": 0.12020303538898518, "LightGBM": 0.34655350578139726}}