{"X_feature_dict": {"RandomForest": ["\u6eab\u5ea6"], "XGBoost": ["\u6eab\u5ea6"], "NuSVR": ["\u6eab\u5ea6"], "LightGBM": ["\u6eab\u5ea6"]}, "hyperparameters_dict": {"RandomForest": {"max_depth": 5, "n_estimators": 143}, "XGBoost": {"max_depth": 2, "n_estimators": 14}, "NuSVR": {"C": 0.028340029384373234, "kernel": "linear", "nu": 0.38106739527477745}, "LightGBM": {"max_depth": 2, "n_estimators": 142}}, "weights": {"RandomForest": 0.4842263221640175, "XGBoost": 0.00348655048666413, "NuSVR": 0.39734001364336907, "LightGBM": 0.11494711370594912}}