{"X_feature_dict": {"RandomForest": ["\u6eab\u5ea6"], "XGBoost": ["\u6eab\u5ea6"], "SVR": ["\u6eab\u5ea6"], "NuSVR": ["\u6eab\u5ea6"], "LightGBM": ["\u6eab\u5ea6"]}, "hyperparameters_dict": {"RandomForest": {"max_depth": 4, "n_estimators": 165}, "XGBoost": {"max_depth": 2, "n_estimators": 74}, "SVR": {"C": 0.008473094131137855, "kernel": "linear"}, "NuSVR": {"C": 184.29333614114873, "kernel": "linear", "nu": 0.3423328614196417}, "LightGBM": {"max_depth": 10, "n_estimators": 25}}, "weights": {"RandomForest": 0.49472133074924224, "XGBoost": 0.09372361726240788, "SVR": 0.27874741121137553, "NuSVR": 0.13118366636612716, "LightGBM": 0.0016239744108471378}}