{"X_feature_dict": {"SVR": ["\u98a8\u901f", "\u98a8\u901f\u8d85\u904e\u4e0a\u9650"], "RandomForest": ["\u98a8\u901f", "\u98a8\u901f\u8d85\u904e\u4e0a\u9650"], "XGBoost": ["\u98a8\u901f", "\u98a8\u901f\u8d85\u904e\u4e0a\u9650"], "LightGBM": ["\u98a8\u901f", "\u98a8\u901f\u8d85\u904e\u4e0a\u9650"], "FCN": ["\u98a8\u901f", "\u98a8\u901f\u8d85\u904e\u4e0a\u9650"]}, "hyperparameters_dict": {"SVR": {"C": 1.3528349920782419, "kernel": "linear"}, "RandomForest": {"max_depth": 10, "n_estimators": 102}, "XGBoost": {"max_depth": 4, "n_estimators": 11}, "LightGBM": {"max_depth": 4, "n_estimators": 119}, "FCN": {"L2_factor": 0.0020108057688022238, "dropout_factor": 0.00031390601956116093}}, "weights": {"SVR": 0.5539509464258741, "RandomForest": 0.1604138528366372, "XGBoost": 0.027621641948160417, "LightGBM": 0.12895435200776895, "FCN": 0.1290592067815594}, "fit_wind_square": true}