{"X_feature_dict": {"FCN": ["\u98a8\u901f", "\u65e5\u671f\u6578\u5b57", "\u5047\u65e5", "\u9031\u516d", "\u9031\u65e5", "\u88dc\u73ed", "1~3\u6708", "11~12\u6708", "\u5348\u5f8c\u5e73\u5747\u98a8\u901f", "\u4e0b\u5348\u5e73\u5747\u98a8\u901f", "\u508d\u665a\u5e73\u5747\u98a8\u901f", "\u98a8\u529b_90\u5929\u5167\u6700\u5927\u503c"], "RandomForest": ["\u98a8\u901f", "\u65e5\u671f\u6578\u5b57", "\u5047\u65e5", "\u9031\u516d", "\u9031\u65e5", "\u88dc\u73ed", "1~3\u6708", "11~12\u6708", "\u5348\u5f8c\u5e73\u5747\u98a8\u901f", "\u4e0b\u5348\u5e73\u5747\u98a8\u901f", "\u508d\u665a\u5e73\u5747\u98a8\u901f", "\u98a8\u529b_90\u5929\u5167\u6700\u5927\u503c"], "XGBoost": ["\u98a8\u901f", "\u65e5\u671f\u6578\u5b57", "\u5047\u65e5", "\u9031\u516d", "\u9031\u65e5", "\u88dc\u73ed", "1~3\u6708", "11~12\u6708", "\u5348\u5f8c\u5e73\u5747\u98a8\u901f", "\u4e0b\u5348\u5e73\u5747\u98a8\u901f", "\u508d\u665a\u5e73\u5747\u98a8\u901f", "\u98a8\u529b_90\u5929\u5167\u6700\u5927\u503c"], "LightGBM": ["\u98a8\u901f", "\u65e5\u671f\u6578\u5b57", "\u5047\u65e5", "\u9031\u516d", "\u9031\u65e5", "\u88dc\u73ed", "1~3\u6708", "11~12\u6708", "\u5348\u5f8c\u5e73\u5747\u98a8\u901f", "\u4e0b\u5348\u5e73\u5747\u98a8\u901f", "\u508d\u665a\u5e73\u5747\u98a8\u901f", "\u98a8\u529b_90\u5929\u5167\u6700\u5927\u503c"], "SVR": ["\u98a8\u901f", "\u65e5\u671f\u6578\u5b57", "\u5047\u65e5", "\u9031\u516d", "\u9031\u65e5", "\u88dc\u73ed", "1~3\u6708", "11~12\u6708", "\u5348\u5f8c\u5e73\u5747\u98a8\u901f", "\u4e0b\u5348\u5e73\u5747\u98a8\u901f", "\u508d\u665a\u5e73\u5747\u98a8\u901f", "\u98a8\u529b_90\u5929\u5167\u6700\u5927\u503c"]}, "hyperparameters_dict": {"FCN": {"L2_factor": 0.01607171548009282, "dropout_factor": 0.1230711635938731}, "RandomForest": {"max_depth": 13, "n_estimators": 166}, "XGBoost": {"max_depth": 4, "n_estimators": 39}, "LightGBM": {"max_depth": 4, "n_estimators": 110}, "SVR": {"C": 90.39459641694827, "kernel": "rbf"}}, "weights": {"FCN": 0.03265896201087417, "RandomForest": 0.3423482301138576, "XGBoost": 0.06377662088331973, "LightGBM": 0.06793940641094258, "SVR": 0.49327678061979807}, "fit_wind_square": false}