{"X_feature_dict": {"LinearRegression": ["\u6eab\u5ea6", "Town"], "SVR": ["\u6eab\u5ea6", "Town"], "LightGBM": ["\u6eab\u5ea6", "Town"], "NuSVR": ["\u6eab\u5ea6", "Town"], "FCN": ["\u6eab\u5ea6", "Town"]}, "hyperparameters_dict": {"LinearRegression": {}, "SVR": {"C": 0.032018064966011554, "kernel": "linear"}, "LightGBM": {"max_depth": 2, "n_estimators": 162}, "NuSVR": {"C": 0.09553023513340396, "kernel": "linear", "nu": 0.35657367093556824}, "FCN": {"L2_factor": 0.005064230976412794, "dropout_factor": 0.24492535182878578}}, "weights": {"LinearRegression": 0.2304288420848076, "SVR": 0.13993777723441836, "LightGBM": 0.33731726179436133, "NuSVR": 0.1133314518024561, "FCN": 0.17898466708395666}, "fit_wind_square": false}