{"X_feature_dict": {"FCN": ["\u98a8\u901f", "\u6771\u897f\u98a8", "\u5357\u5317\u98a8", "\u6eab\u5ea6", "\u98a8\u901f\u8d85\u904e\u4e0a\u9650", "Town"], "RandomForest": ["\u98a8\u901f", "\u6771\u897f\u98a8", "\u5357\u5317\u98a8", "\u6674", "\u591a\u96f2", "\u9670", "\u77ed\u66ab\u9663\u96e8", "\u77ed\u66ab\u9663\u96e8\u6216\u96f7\u96e8", "\u5348\u5f8c\u77ed\u66ab\u96f7\u9663\u96e8", "\u9663\u96e8\u6216\u96f7\u96e8", "\u76f8\u5c0d\u6ebc\u5ea6", "\u6eab\u5ea6", "\u98a8\u901f\u8d85\u904e\u4e0a\u9650", "Town"], "XGBoost": ["\u98a8\u901f", "\u6771\u897f\u98a8", "\u5357\u5317\u98a8", "\u6eab\u5ea6", "\u98a8\u901f\u8d85\u904e\u4e0a\u9650", "Town"], "LightGBM": ["\u98a8\u901f", "\u6771\u897f\u98a8", "\u5357\u5317\u98a8", "\u6eab\u5ea6", "\u98a8\u901f\u8d85\u904e\u4e0a\u9650", "Town"], "SVR": ["\u98a8\u901f", "\u6771\u897f\u98a8", "\u5357\u5317\u98a8", "\u6eab\u5ea6", "\u98a8\u901f\u8d85\u904e\u4e0a\u9650", "Town"]}, "hyperparameters_dict": {"FCN": {"L2_factor": 0.04474376560522974, "dropout_factor": 0.14620168885007892}, "RandomForest": {"max_depth": 12, "n_estimators": 90}, "XGBoost": {"max_depth": 3, "n_estimators": 192}, "LightGBM": {"max_depth": 6, "n_estimators": 65}, "SVR": {"C": 0.1161952606849415, "kernel": "linear"}}, "weights": {"FCN": 0.43762210373276283, "RandomForest": 0.08665596915831929, "XGBoost": 0.1581745565806166, "LightGBM": 0.0010074127312479056, "SVR": 0.31653995779705346}, "fit_wind_square": true}