{"X_feature_dict": {"RandomForest": ["\u98a8\u901f", "\u6771\u897f\u98a8", "\u5357\u5317\u98a8", "\u6674", "\u591a\u96f2", "\u9670", "\u77ed\u66ab\u9663\u96e8", "\u77ed\u66ab\u9663\u96e8\u6216\u96f7\u96e8", "\u5348\u5f8c\u77ed\u66ab\u96f7\u9663\u96e8", "\u9663\u96e8\u6216\u96f7\u96e8", "\u76f8\u5c0d\u6ebc\u5ea6", "\u6eab\u5ea6"], "SVR": ["\u98a8\u901f", "\u6771\u897f\u98a8", "\u5357\u5317\u98a8", "\u6eab\u5ea6"]}, "hyperparameters_dict": {"RandomForest": {"max_depth": 9, "n_estimators": 81}, "SVR": {"C": 0.17092333664978396, "kernel": "linear"}}, "weights": {"RandomForest": 0.5825977349163782, "SVR": 0.41740226508362144}}