{"X_feature_dict": {"RandomForest": ["\u6eab\u5ea6"], "XGBoost": ["\u6eab\u5ea6"], "NuSVR": ["\u6eab\u5ea6"]}, "hyperparameters_dict": {"RandomForest": {"max_depth": 4, "n_estimators": 104}, "XGBoost": {"max_depth": 2, "n_estimators": 27}, "NuSVR": {"C": 0.5191274968321011, "kernel": "linear", "nu": 0.31102374153630974}}, "weights": {"RandomForest": 0.3287539553647845, "XGBoost": 0.3796936994850531, "NuSVR": 0.2915523451501623}}