{"X_feature_dict": {"LinearRegression": ["\u6c23\u6eab", "\u6700\u9ad8\u6c23\u6eab", "\u6700\u4f4e\u6c23\u6eab", "\u5168\u5929\u7a7a\u65e5\u5c04\u91cf", "\u65e5\u671f\u6578\u5b57", "\u5047\u65e5", "\u9031\u516d", "\u9031\u65e5", "\u88dc\u73ed", "\u767d\u65e5\u9577\u5ea6"], "FCN": ["\u6c23\u6eab", "\u6700\u9ad8\u6c23\u6eab", "\u6700\u4f4e\u6c23\u6eab", "\u5168\u5929\u7a7a\u65e5\u5c04\u91cf", "\u65e5\u671f\u6578\u5b57", "\u5047\u65e5", "\u9031\u516d", "\u9031\u65e5", "\u88dc\u73ed", "\u767d\u65e5\u9577\u5ea6"], "RandomForest": ["\u6c23\u6eab", "\u6700\u9ad8\u6c23\u6eab", "\u6700\u4f4e\u6c23\u6eab", "\u5168\u5929\u7a7a\u65e5\u5c04\u91cf", "\u65e5\u671f\u6578\u5b57", "\u5047\u65e5", "\u9031\u516d", "\u9031\u65e5", "\u88dc\u73ed", "\u767d\u65e5\u9577\u5ea6"], "XGBoost": ["\u6c23\u6eab", "\u6700\u9ad8\u6c23\u6eab", "\u6700\u4f4e\u6c23\u6eab", "\u5168\u5929\u7a7a\u65e5\u5c04\u91cf", "\u65e5\u671f\u6578\u5b57", "\u5047\u65e5", "\u9031\u516d", "\u9031\u65e5", "\u88dc\u73ed", "\u767d\u65e5\u9577\u5ea6"], "LightGBM": ["\u6c23\u6eab", "\u6700\u9ad8\u6c23\u6eab", "\u6700\u4f4e\u6c23\u6eab", "\u5168\u5929\u7a7a\u65e5\u5c04\u91cf", "\u65e5\u671f\u6578\u5b57", "\u5047\u65e5", "\u9031\u516d", "\u9031\u65e5", "\u88dc\u73ed", "\u767d\u65e5\u9577\u5ea6"]}, "hyperparameters_dict": {"LinearRegression": {}, "FCN": {"L2_factor": 0.018184979763796686, "dropout_factor": 0.37066766054759914}, "RandomForest": {"max_depth": 13, "n_estimators": 63}, "XGBoost": {"max_depth": 2, "n_estimators": 41}, "LightGBM": {"max_depth": 7, "n_estimators": 38}}, "weights": {"LinearRegression": 0.1988241682047679, "FCN": 0.3348439376492219, "RandomForest": 0.18084554591559898, "XGBoost": 0.20589468335372824, "LightGBM": 0.07959166489752302}}