{"X_feature_dict": {"FCN": ["\u6eab\u5ea6"], "RandomForest": ["\u6eab\u5ea6"], "SVR": ["\u6eab\u5ea6"], "NuSVR": ["\u6eab\u5ea6"], "LightGBM": ["\u6eab\u5ea6"]}, "hyperparameters_dict": {"FCN": {"L2_factor": 0.05942270844331615, "dropout_factor": 0.16871914923514286}, "RandomForest": {"max_depth": 5, "n_estimators": 142}, "SVR": {"C": 0.23689696300356256, "kernel": "linear"}, "NuSVR": {"C": 6.779808424665103, "kernel": "linear", "nu": 0.3843724514619604}, "LightGBM": {"max_depth": 13, "n_estimators": 36}}, "weights": {"FCN": 0.13636914552610985, "RandomForest": 0.19291377800170345, "SVR": 0.11283962402464641, "NuSVR": 0.15027618280803381, "LightGBM": 0.40760126963950644}}