{"X_feature_dict": {"FCN": ["\u6eab\u5ea6", "Town"], "XGBoost": ["\u6eab\u5ea6", "Town"], "SVR": ["\u6eab\u5ea6", "Town"], "NuSVR": ["\u6eab\u5ea6", "Town"], "LightGBM": ["\u6eab\u5ea6", "Town"]}, "hyperparameters_dict": {"FCN": {"L2_factor": 0.003448929075060992, "dropout_factor": 0.21657168523763043}, "XGBoost": {"max_depth": 2, "n_estimators": 104}, "SVR": {"C": 0.02517812766578749, "kernel": "linear"}, "NuSVR": {"C": 2.5791823803285467, "kernel": "rbf", "nu": 0.44017460798868846}, "LightGBM": {"max_depth": 3, "n_estimators": 56}}, "weights": {"FCN": 0.018501343819082923, "XGBoost": 0.12564694292221795, "SVR": 0.25443700214666504, "NuSVR": 0.396175652609676, "LightGBM": 0.20523905850235802}, "fit_wind_square": false}