{"X_feature_dict": {"LinearRegression": ["\u6eab\u5ea6"], "XGBoost": ["\u6eab\u5ea6"], "LightGBM": ["\u6eab\u5ea6"], "NuSVR": ["\u6eab\u5ea6"], "FCN": ["\u6eab\u5ea6"]}, "hyperparameters_dict": {"LinearRegression": {}, "XGBoost": {"max_depth": 2, "n_estimators": 43}, "LightGBM": {"max_depth": 4, "n_estimators": 37}, "NuSVR": {"C": 0.057407590737172, "kernel": "linear", "nu": 0.7605523843864654}, "FCN": {"L2_factor": 0.005815009126224364, "dropout_factor": 0.2690628230766402}}, "weights": {"LinearRegression": 0.22687280987787126, "XGBoost": 0.06570037824302845, "LightGBM": 0.11859484531555509, "NuSVR": 0.43331654912297085, "FCN": 0.1555154174405741}}