{"X_feature_dict": {"FCN": ["\u98a8\u901f", "\u6771\u897f\u98a8", "\u5357\u5317\u98a8", "\u6eab\u5ea6"], "RandomForest": ["\u98a8\u901f", "\u6771\u897f\u98a8", "\u5357\u5317\u98a8", "\u6674", "\u591a\u96f2", "\u9670", "\u77ed\u66ab\u9663\u96e8", "\u77ed\u66ab\u9663\u96e8\u6216\u96f7\u96e8", "\u5348\u5f8c\u77ed\u66ab\u96f7\u9663\u96e8", "\u9663\u96e8\u6216\u96f7\u96e8", "\u76f8\u5c0d\u6ebc\u5ea6", "\u6eab\u5ea6"], "SVR": ["\u98a8\u901f", "\u6771\u897f\u98a8", "\u5357\u5317\u98a8", "\u6eab\u5ea6"]}, "hyperparameters_dict": {"FCN": {"L2_factor": 0.05592638704213049, "dropout_factor": 0.07847548007604593}, "RandomForest": {"max_depth": 11, "n_estimators": 42}, "SVR": {"C": 23.778858785551915, "kernel": "linear"}}, "weights": {"FCN": 0.16705770016140775, "RandomForest": 0.5363032011129055, "SVR": 0.29663909872568667}}