{"X_feature_dict": {"XGBoost": ["\u6eab\u5ea6", "Town"], "SVR": ["\u6eab\u5ea6", "Town"], "NuSVR": ["\u6eab\u5ea6", "Town"], "LightGBM": ["\u6eab\u5ea6", "Town"]}, "hyperparameters_dict": {"XGBoost": {"max_depth": 4, "n_estimators": 42}, "SVR": {"C": 3.402468537344709, "kernel": "rbf"}, "NuSVR": {"C": 0.04017451758474053, "kernel": "linear", "nu": 0.37246875826206877}, "LightGBM": {"max_depth": 4, "n_estimators": 183}}, "weights": {"XGBoost": 0.2430365941408378, "SVR": 0.40832339203235524, "NuSVR": 0.2946969691976374, "LightGBM": 0.05394304462916949}, "fit_wind_square": false}