{"X_feature_dict": {"LinearRegression": ["\u6eab\u5ea6", "Town"], "FCN": ["\u6eab\u5ea6", "Town"], "RandomForest": ["\u6eab\u5ea6", "Town"], "SVR": ["\u6eab\u5ea6", "Town"], "NuSVR": ["\u6eab\u5ea6", "Town"]}, "hyperparameters_dict": {"LinearRegression": {}, "FCN": {"L2_factor": 0.024840841763492136, "dropout_factor": 0.30211527112841496}, "RandomForest": {"max_depth": 6, "n_estimators": 82}, "SVR": {"C": 1.208490348952047, "kernel": "rbf"}, "NuSVR": {"C": 2.0755295448519626, "kernel": "rbf", "nu": 0.26419951661191243}}, "weights": {"LinearRegression": 0.11551708818213816, "FCN": 0.08825443698377627, "RandomForest": 0.12327147709924433, "SVR": 0.21707279940474491, "NuSVR": 0.45588419833009636}, "fit_wind_square": false}