{"X_feature_dict": {"FCN": ["\u6eab\u5ea6"], "SVR": ["\u6eab\u5ea6"], "NuSVR": ["\u6eab\u5ea6"], "LightGBM": ["\u6eab\u5ea6"]}, "hyperparameters_dict": {"FCN": {"L2_factor": 0.0012580849117066048, "dropout_factor": 0.17731620058252304}, "SVR": {"C": 1.7157289141337408, "kernel": "linear"}, "NuSVR": {"C": 0.1539035393298039, "kernel": "linear", "nu": 0.44010303108936244}, "LightGBM": {"max_depth": 2, "n_estimators": 73}}, "weights": {"FCN": 0.22889161283290899, "SVR": 0.2531187594176564, "NuSVR": 0.17870842658107705, "LightGBM": 0.3392812011683576}}