{"X_feature_dict": {"LinearRegression": ["\u6c23\u6eab", "\u6700\u9ad8\u6c23\u6eab", "\u6700\u4f4e\u6c23\u6eab", "\u5168\u5929\u7a7a\u65e5\u5c04\u91cf", "\u65e5\u671f\u6578\u5b57", "\u5047\u65e5", "\u9031\u516d", "\u9031\u65e5", "\u88dc\u73ed", "\u767d\u65e5\u9577\u5ea6"], "FCN": ["\u6c23\u6eab", "\u6700\u9ad8\u6c23\u6eab", "\u6700\u4f4e\u6c23\u6eab", "\u5168\u5929\u7a7a\u65e5\u5c04\u91cf", "\u65e5\u671f\u6578\u5b57", "\u5047\u65e5", "\u9031\u516d", "\u9031\u65e5", "\u88dc\u73ed", "\u767d\u65e5\u9577\u5ea6"], "LightGBM": ["\u6c23\u6eab", "\u6700\u9ad8\u6c23\u6eab", "\u6700\u4f4e\u6c23\u6eab", "\u5168\u5929\u7a7a\u65e5\u5c04\u91cf", "\u65e5\u671f\u6578\u5b57", "\u5047\u65e5", "\u9031\u516d", "\u9031\u65e5", "\u88dc\u73ed", "\u767d\u65e5\u9577\u5ea6"], "SVR": ["\u6c23\u6eab", "\u6700\u9ad8\u6c23\u6eab", "\u6700\u4f4e\u6c23\u6eab", "\u5168\u5929\u7a7a\u65e5\u5c04\u91cf", "\u65e5\u671f\u6578\u5b57", "\u5047\u65e5", "\u9031\u516d", "\u9031\u65e5", "\u88dc\u73ed", "\u767d\u65e5\u9577\u5ea6"]}, "hyperparameters_dict": {"LinearRegression": {}, "FCN": {"L2_factor": 0.003168339967059179, "dropout_factor": 0.13428828342358978}, "LightGBM": {"max_depth": 11, "n_estimators": 35}, "SVR": {"C": 84.31554201237364, "kernel": "rbf"}}, "weights": {"LinearRegression": 0.09126112516634813, "FCN": 0.016480513667189212, "LightGBM": 0.30968297814752227, "SVR": 0.5825753735451853}}