{"X_feature_dict": {"LinearRegression": ["\u6c23\u6eab", "\u6700\u9ad8\u6c23\u6eab", "\u6700\u4f4e\u6c23\u6eab", "\u5168\u5929\u7a7a\u65e5\u5c04\u91cf", "\u65e5\u671f\u6578\u5b57", "\u5047\u65e5", "\u9031\u516d", "\u9031\u65e5", "\u88dc\u73ed", "\u767d\u65e5\u9577\u5ea6"], "FCN": ["\u6c23\u6eab", "\u6700\u9ad8\u6c23\u6eab", "\u6700\u4f4e\u6c23\u6eab", "\u5168\u5929\u7a7a\u65e5\u5c04\u91cf", "\u65e5\u671f\u6578\u5b57", "\u5047\u65e5", "\u9031\u516d", "\u9031\u65e5", "\u88dc\u73ed", "\u767d\u65e5\u9577\u5ea6"], "RandomForest": ["\u6c23\u6eab", "\u6700\u9ad8\u6c23\u6eab", "\u6700\u4f4e\u6c23\u6eab", "\u5168\u5929\u7a7a\u65e5\u5c04\u91cf", "\u65e5\u671f\u6578\u5b57", "\u5047\u65e5", "\u9031\u516d", "\u9031\u65e5", "\u88dc\u73ed", "\u767d\u65e5\u9577\u5ea6"], "NuSVR": ["\u6c23\u6eab", "\u6700\u9ad8\u6c23\u6eab", "\u6700\u4f4e\u6c23\u6eab", "\u5168\u5929\u7a7a\u65e5\u5c04\u91cf", "\u65e5\u671f\u6578\u5b57", "\u5047\u65e5", "\u9031\u516d", "\u9031\u65e5", "\u88dc\u73ed", "\u767d\u65e5\u9577\u5ea6"]}, "hyperparameters_dict": {"LinearRegression": {}, "FCN": {"L2_factor": 0.15107978644212539, "dropout_factor": 0.291750964573974}, "RandomForest": {"max_depth": 8, "n_estimators": 128}, "NuSVR": {"C": 66.30676303925102, "kernel": "rbf", "nu": 0.6326208801681202}}, "weights": {"LinearRegression": 0.22557823822565518, "FCN": 0.3231011110124513, "RandomForest": 0.08281077648995984, "NuSVR": 0.3685098742719336}, "fit_wind_square": false}