{"X_feature_dict": {"LinearRegression": ["\u6c23\u6eab", "\u6700\u9ad8\u6c23\u6eab", "\u6700\u4f4e\u6c23\u6eab", "\u5168\u5929\u7a7a\u65e5\u5c04\u91cf", "\u65e5\u671f\u6578\u5b57", "\u5047\u65e5", "\u9031\u516d", "\u9031\u65e5", "\u88dc\u73ed", "\u767d\u65e5\u9577\u5ea6"], "FCN": ["\u6c23\u6eab", "\u6700\u9ad8\u6c23\u6eab", "\u6700\u4f4e\u6c23\u6eab", "\u5168\u5929\u7a7a\u65e5\u5c04\u91cf", "\u65e5\u671f\u6578\u5b57", "\u5047\u65e5", "\u9031\u516d", "\u9031\u65e5", "\u88dc\u73ed", "\u767d\u65e5\u9577\u5ea6"], "RandomForest": ["\u6c23\u6eab", "\u6700\u9ad8\u6c23\u6eab", "\u6700\u4f4e\u6c23\u6eab", "\u5168\u5929\u7a7a\u65e5\u5c04\u91cf", "\u65e5\u671f\u6578\u5b57", "\u5047\u65e5", "\u9031\u516d", "\u9031\u65e5", "\u88dc\u73ed", "\u767d\u65e5\u9577\u5ea6"], "LightGBM": ["\u6c23\u6eab", "\u6700\u9ad8\u6c23\u6eab", "\u6700\u4f4e\u6c23\u6eab", "\u5168\u5929\u7a7a\u65e5\u5c04\u91cf", "\u65e5\u671f\u6578\u5b57", "\u5047\u65e5", "\u9031\u516d", "\u9031\u65e5", "\u88dc\u73ed", "\u767d\u65e5\u9577\u5ea6"], "NuSVR": ["\u6c23\u6eab", "\u6700\u9ad8\u6c23\u6eab", "\u6700\u4f4e\u6c23\u6eab", "\u5168\u5929\u7a7a\u65e5\u5c04\u91cf", "\u65e5\u671f\u6578\u5b57", "\u5047\u65e5", "\u9031\u516d", "\u9031\u65e5", "\u88dc\u73ed", "\u767d\u65e5\u9577\u5ea6"]}, "hyperparameters_dict": {"LinearRegression": {}, "FCN": {"L2_factor": 0.003182777500697905, "dropout_factor": 0.14283075997669098}, "RandomForest": {"max_depth": 11, "n_estimators": 111}, "LightGBM": {"max_depth": 2, "n_estimators": 64}, "NuSVR": {"C": 170.2891231518886, "kernel": "rbf", "nu": 0.519029331928198}}, "weights": {"LinearRegression": 0.02151676348963936, "FCN": 0.3303311810734641, "RandomForest": 0.10287769078490959, "LightGBM": 0.09022980212176099, "NuSVR": 0.45504456253022596}}