{"X_feature_dict": {"FCN": ["\u6c23\u6eab", "\u6700\u9ad8\u6c23\u6eab", "\u6700\u4f4e\u6c23\u6eab", "\u65e5\u671f\u6578\u5b57", "\u5047\u65e5", "\u9031\u516d", "\u9031\u65e5", "\u88dc\u73ed", "\u767d\u65e5\u9577\u5ea6", "\u5348\u5f8c\u5e73\u5747\u6c23\u6eab", "\u4e0b\u5348\u5e73\u5747\u6c23\u6eab", "\u508d\u665a\u5e73\u5747\u6c23\u6eab"], "LogisticRegression": ["\u6c23\u6eab", "\u6700\u9ad8\u6c23\u6eab", "\u6700\u4f4e\u6c23\u6eab", "\u65e5\u671f\u6578\u5b57", "\u5047\u65e5", "\u9031\u516d", "\u9031\u65e5", "\u88dc\u73ed", "\u767d\u65e5\u9577\u5ea6", "\u5348\u5f8c\u5e73\u5747\u6c23\u6eab", "\u4e0b\u5348\u5e73\u5747\u6c23\u6eab", "\u508d\u665a\u5e73\u5747\u6c23\u6eab"], "RandomForest": ["\u6c23\u6eab", "\u6700\u9ad8\u6c23\u6eab", "\u6700\u4f4e\u6c23\u6eab", "\u65e5\u671f\u6578\u5b57", "\u5047\u65e5", "\u9031\u516d", "\u9031\u65e5", "\u88dc\u73ed", "\u767d\u65e5\u9577\u5ea6", "\u5348\u5f8c\u5e73\u5747\u6c23\u6eab", "\u4e0b\u5348\u5e73\u5747\u6c23\u6eab", "\u508d\u665a\u5e73\u5747\u6c23\u6eab"], "XGBoost": ["\u6c23\u6eab", "\u6700\u9ad8\u6c23\u6eab", "\u6700\u4f4e\u6c23\u6eab", "\u65e5\u671f\u6578\u5b57", "\u5047\u65e5", "\u9031\u516d", "\u9031\u65e5", "\u88dc\u73ed", "\u767d\u65e5\u9577\u5ea6", "\u5348\u5f8c\u5e73\u5747\u6c23\u6eab", "\u4e0b\u5348\u5e73\u5747\u6c23\u6eab", "\u508d\u665a\u5e73\u5747\u6c23\u6eab"], "LightGBM": ["\u6c23\u6eab", "\u6700\u9ad8\u6c23\u6eab", "\u6700\u4f4e\u6c23\u6eab", "\u65e5\u671f\u6578\u5b57", "\u5047\u65e5", "\u9031\u516d", "\u9031\u65e5", "\u88dc\u73ed", "\u767d\u65e5\u9577\u5ea6", "\u5348\u5f8c\u5e73\u5747\u6c23\u6eab", "\u4e0b\u5348\u5e73\u5747\u6c23\u6eab", "\u508d\u665a\u5e73\u5747\u6c23\u6eab"], "SVC": ["\u6c23\u6eab", "\u6700\u9ad8\u6c23\u6eab", "\u6700\u4f4e\u6c23\u6eab", "\u65e5\u671f\u6578\u5b57", "\u5047\u65e5", "\u9031\u516d", "\u9031\u65e5", "\u88dc\u73ed", "\u767d\u65e5\u9577\u5ea6", "\u5348\u5f8c\u5e73\u5747\u6c23\u6eab", "\u4e0b\u5348\u5e73\u5747\u6c23\u6eab", "\u508d\u665a\u5e73\u5747\u6c23\u6eab"]}, "hyperparameters_dict": {"FCN": {"L2_factor": 0.06076874017495912, "dropout_factor": 0.34446186222578196}, "LogisticRegression": {"C": 194.437202245261, "solver": "sag"}, "RandomForest": {"max_depth": 14, "n_estimators": 196}, "XGBoost": {"max_depth": 14, "n_estimators": 27}, "LightGBM": {"max_depth": 3, "n_estimators": 72}, "SVC": {"C": 0.3762666820762352, "kernel": "linear"}}, "weights": {"FCN": 0.14404101790721416, "LogisticRegression": 0.13806990367584956, "RandomForest": 0.16735519241628993, "XGBoost": 0.1823594208848435, "LightGBM": 0.0012508546350417239, "SVC": 0.36692361048076116}, "fit_wind_square": false}