{"X_feature_dict": {"FCN": ["\u98a8\u901f", "\u65e5\u671f\u6578\u5b57", "\u5047\u65e5", "\u9031\u516d", "\u9031\u65e5", "\u88dc\u73ed", "1~3\u6708", "11~12\u6708"], "XGBoost": ["\u98a8\u901f", "\u65e5\u671f\u6578\u5b57", "\u5047\u65e5", "\u9031\u516d", "\u9031\u65e5", "\u88dc\u73ed", "1~3\u6708", "11~12\u6708"], "LightGBM": ["\u98a8\u901f", "\u65e5\u671f\u6578\u5b57", "\u5047\u65e5", "\u9031\u516d", "\u9031\u65e5", "\u88dc\u73ed", "1~3\u6708", "11~12\u6708"], "SVR": ["\u98a8\u901f", "\u65e5\u671f\u6578\u5b57", "\u5047\u65e5", "\u9031\u516d", "\u9031\u65e5", "\u88dc\u73ed", "1~3\u6708", "11~12\u6708"], "NuSVR": ["\u98a8\u901f", "\u65e5\u671f\u6578\u5b57", "\u5047\u65e5", "\u9031\u516d", "\u9031\u65e5", "\u88dc\u73ed", "1~3\u6708", "11~12\u6708"]}, "hyperparameters_dict": {"FCN": {"L2_factor": 0.02666149190638388, "dropout_factor": 0.08915935526531044}, "XGBoost": {"max_depth": 2, "n_estimators": 91}, "LightGBM": {"max_depth": 3, "n_estimators": 99}, "SVR": {"C": 25.41016590554189, "kernel": "rbf"}, "NuSVR": {"C": 44.149570584375205, "kernel": "rbf", "nu": 0.4930490241535026}}, "weights": {"FCN": 0.061316595742811765, "XGBoost": 0.33929941950024145, "LightGBM": 0.1256660323314339, "SVR": 0.1884078750720493, "NuSVR": 0.28531007735346353}}