{"X_feature_dict": {"FCN": ["\u98a8\u901f", "\u65e5\u671f\u6578\u5b57", "\u5047\u65e5", "\u9031\u516d", "\u9031\u65e5", "\u88dc\u73ed", "1~3\u6708", "11~12\u6708", "\u5348\u5f8c\u5e73\u5747\u98a8\u901f", "\u4e0b\u5348\u5e73\u5747\u98a8\u901f", "\u508d\u665a\u5e73\u5747\u98a8\u901f"], "RandomForest": ["\u98a8\u901f", "\u65e5\u671f\u6578\u5b57", "\u5047\u65e5", "\u9031\u516d", "\u9031\u65e5", "\u88dc\u73ed", "1~3\u6708", "11~12\u6708", "\u5348\u5f8c\u5e73\u5747\u98a8\u901f", "\u4e0b\u5348\u5e73\u5747\u98a8\u901f", "\u508d\u665a\u5e73\u5747\u98a8\u901f"], "XGBoost": ["\u98a8\u901f", "\u65e5\u671f\u6578\u5b57", "\u5047\u65e5", "\u9031\u516d", "\u9031\u65e5", "\u88dc\u73ed", "1~3\u6708", "11~12\u6708", "\u5348\u5f8c\u5e73\u5747\u98a8\u901f", "\u4e0b\u5348\u5e73\u5747\u98a8\u901f", "\u508d\u665a\u5e73\u5747\u98a8\u901f"], "NuSVR": ["\u98a8\u901f", "\u65e5\u671f\u6578\u5b57", "\u5047\u65e5", "\u9031\u516d", "\u9031\u65e5", "\u88dc\u73ed", "1~3\u6708", "11~12\u6708", "\u5348\u5f8c\u5e73\u5747\u98a8\u901f", "\u4e0b\u5348\u5e73\u5747\u98a8\u901f", "\u508d\u665a\u5e73\u5747\u98a8\u901f"]}, "hyperparameters_dict": {"FCN": {"L2_factor": 0.008603606007001316, "dropout_factor": 0.1606367016172888}, "RandomForest": {"max_depth": 14, "n_estimators": 113}, "XGBoost": {"max_depth": 2, "n_estimators": 97}, "NuSVR": {"C": 155.76752701760665, "kernel": "rbf", "nu": 0.663339231324241}}, "weights": {"FCN": 0.1440263315965556, "RandomForest": 0.2017351333912969, "XGBoost": 0.26695836392298555, "NuSVR": 0.3872801710891618}}