{"X_feature_dict": {"RandomForest": ["\u98a8\u901f", "\u65e5\u671f\u6578\u5b57", "\u5047\u65e5", "\u9031\u516d", "\u9031\u65e5", "\u88dc\u73ed", "1~3\u6708", "11~12\u6708", "\u5348\u5f8c\u5e73\u5747\u98a8\u901f", "\u4e0b\u5348\u5e73\u5747\u98a8\u901f", "\u508d\u665a\u5e73\u5747\u98a8\u901f"], "XGBoost": ["\u98a8\u901f", "\u65e5\u671f\u6578\u5b57", "\u5047\u65e5", "\u9031\u516d", "\u9031\u65e5", "\u88dc\u73ed", "1~3\u6708", "11~12\u6708", "\u5348\u5f8c\u5e73\u5747\u98a8\u901f", "\u4e0b\u5348\u5e73\u5747\u98a8\u901f", "\u508d\u665a\u5e73\u5747\u98a8\u901f"], "LightGBM": ["\u98a8\u901f", "\u65e5\u671f\u6578\u5b57", "\u5047\u65e5", "\u9031\u516d", "\u9031\u65e5", "\u88dc\u73ed", "1~3\u6708", "11~12\u6708", "\u5348\u5f8c\u5e73\u5747\u98a8\u901f", "\u4e0b\u5348\u5e73\u5747\u98a8\u901f", "\u508d\u665a\u5e73\u5747\u98a8\u901f"], "SVR": ["\u98a8\u901f", "\u65e5\u671f\u6578\u5b57", "\u5047\u65e5", "\u9031\u516d", "\u9031\u65e5", "\u88dc\u73ed", "1~3\u6708", "11~12\u6708", "\u5348\u5f8c\u5e73\u5747\u98a8\u901f", "\u4e0b\u5348\u5e73\u5747\u98a8\u901f", "\u508d\u665a\u5e73\u5747\u98a8\u901f"]}, "hyperparameters_dict": {"RandomForest": {"max_depth": 15, "n_estimators": 90}, "XGBoost": {"max_depth": 5, "n_estimators": 13}, "LightGBM": {"max_depth": 10, "n_estimators": 80}, "SVR": {"C": 140.35112861546088, "kernel": "rbf"}}, "weights": {"RandomForest": 0.07166647160638684, "XGBoost": 0.204787137433782, "LightGBM": 0.0863750997089446, "SVR": 0.6371712912508866}, "fit_wind_square": false}