{"X_feature_dict": {"FCN": ["\u98a8\u901f", "\u65e5\u671f\u6578\u5b57", "\u5047\u65e5", "\u9031\u516d", "\u9031\u65e5", "\u88dc\u73ed", "1~3\u6708", "11~12\u6708", "\u5348\u5f8c\u5e73\u5747\u98a8\u901f", "\u4e0b\u5348\u5e73\u5747\u98a8\u901f", "\u508d\u665a\u5e73\u5747\u98a8\u901f"], "RandomForest": ["\u98a8\u901f", "\u65e5\u671f\u6578\u5b57", "\u5047\u65e5", "\u9031\u516d", "\u9031\u65e5", "\u88dc\u73ed", "1~3\u6708", "11~12\u6708", "\u5348\u5f8c\u5e73\u5747\u98a8\u901f", "\u4e0b\u5348\u5e73\u5747\u98a8\u901f", "\u508d\u665a\u5e73\u5747\u98a8\u901f"], "XGBoost": ["\u98a8\u901f", "\u65e5\u671f\u6578\u5b57", "\u5047\u65e5", "\u9031\u516d", "\u9031\u65e5", "\u88dc\u73ed", "1~3\u6708", "11~12\u6708", "\u5348\u5f8c\u5e73\u5747\u98a8\u901f", "\u4e0b\u5348\u5e73\u5747\u98a8\u901f", "\u508d\u665a\u5e73\u5747\u98a8\u901f"], "LightGBM": ["\u98a8\u901f", "\u65e5\u671f\u6578\u5b57", "\u5047\u65e5", "\u9031\u516d", "\u9031\u65e5", "\u88dc\u73ed", "1~3\u6708", "11~12\u6708", "\u5348\u5f8c\u5e73\u5747\u98a8\u901f", "\u4e0b\u5348\u5e73\u5747\u98a8\u901f", "\u508d\u665a\u5e73\u5747\u98a8\u901f"], "SVR": ["\u98a8\u901f", "\u65e5\u671f\u6578\u5b57", "\u5047\u65e5", "\u9031\u516d", "\u9031\u65e5", "\u88dc\u73ed", "1~3\u6708", "11~12\u6708", "\u5348\u5f8c\u5e73\u5747\u98a8\u901f", "\u4e0b\u5348\u5e73\u5747\u98a8\u901f", "\u508d\u665a\u5e73\u5747\u98a8\u901f"], "NuSVR": ["\u98a8\u901f", "\u65e5\u671f\u6578\u5b57", "\u5047\u65e5", "\u9031\u516d", "\u9031\u65e5", "\u88dc\u73ed", "1~3\u6708", "11~12\u6708", "\u5348\u5f8c\u5e73\u5747\u98a8\u901f", "\u4e0b\u5348\u5e73\u5747\u98a8\u901f", "\u508d\u665a\u5e73\u5747\u98a8\u901f"]}, "hyperparameters_dict": {"FCN": {"L2_factor": 0.01028794858379428, "dropout_factor": 0.18716151613175788}, "RandomForest": {"max_depth": 11, "n_estimators": 199}, "XGBoost": {"max_depth": 4, "n_estimators": 162}, "LightGBM": {"max_depth": 15, "n_estimators": 65}, "SVR": {"C": 40.862221378370236, "kernel": "rbf"}, "NuSVR": {"C": 137.38488427870286, "kernel": "rbf", "nu": 0.7163397486923521}}, "weights": {"FCN": 0.16824219399003598, "RandomForest": 0.1742163070637409, "XGBoost": 0.04180994633930661, "LightGBM": 0.11355794503741207, "SVR": 0.014281827929741404, "NuSVR": 0.48789177963705455}}