{"X_feature_dict": {"LinearRegression": ["\u6eab\u5ea6"], "SVR": ["\u6eab\u5ea6"], "LightGBM": ["\u6eab\u5ea6"], "FCN": ["\u6eab\u5ea6"]}, "hyperparameters_dict": {"LinearRegression": {}, "SVR": {"C": 0.0385929549959315, "kernel": "linear"}, "LightGBM": {"max_depth": 3, "n_estimators": 36}, "FCN": {"L2_factor": 0.0059760248417046, "dropout_factor": 0.2837759664425973}}, "weights": {"LinearRegression": 0.3521069864758733, "SVR": 0.10669116064777008, "LightGBM": 0.4930214903605798, "FCN": 0.04818036251577682}}