{"X_feature_dict": {"RandomForest": ["\u6674", "\u591a\u96f2", "\u9670", "\u77ed\u66ab\u9663\u96e8", "\u77ed\u66ab\u9663\u96e8\u6216\u96f7\u96e8", "\u5348\u5f8c\u77ed\u66ab\u96f7\u9663\u96e8", "\u9663\u96e8\u6216\u96f7\u96e8", "\u76f8\u5c0d\u6ebc\u5ea6"], "XGBoost": ["\u6674", "\u591a\u96f2", "\u9670", "\u77ed\u66ab\u9663\u96e8", "\u77ed\u66ab\u9663\u96e8\u6216\u96f7\u96e8", "\u5348\u5f8c\u77ed\u66ab\u96f7\u9663\u96e8", "\u9663\u96e8\u6216\u96f7\u96e8", "\u76f8\u5c0d\u6ebc\u5ea6"], "SVR": ["\u6674", "\u591a\u96f2", "\u9670", "\u77ed\u66ab\u9663\u96e8", "\u77ed\u66ab\u9663\u96e8\u6216\u96f7\u96e8", "\u5348\u5f8c\u77ed\u66ab\u96f7\u9663\u96e8", "\u9663\u96e8\u6216\u96f7\u96e8", "\u76f8\u5c0d\u6ebc\u5ea6"], "NuSVR": ["\u6674", "\u591a\u96f2", "\u9670", "\u77ed\u66ab\u9663\u96e8", "\u77ed\u66ab\u9663\u96e8\u6216\u96f7\u96e8", "\u5348\u5f8c\u77ed\u66ab\u96f7\u9663\u96e8", "\u9663\u96e8\u6216\u96f7\u96e8", "\u76f8\u5c0d\u6ebc\u5ea6"], "FCN": ["\u6674", "\u591a\u96f2", "\u9670", "\u77ed\u66ab\u9663\u96e8", "\u77ed\u66ab\u9663\u96e8\u6216\u96f7\u96e8", "\u5348\u5f8c\u77ed\u66ab\u96f7\u9663\u96e8", "\u9663\u96e8\u6216\u96f7\u96e8", "\u76f8\u5c0d\u6ebc\u5ea6"]}, "hyperparameters_dict": {"RandomForest": {"max_depth": 5, "n_estimators": 199}, "XGBoost": {"max_depth": 2, "n_estimators": 17}, "SVR": {"C": 20.755114898107255, "kernel": "rbf"}, "NuSVR": {"C": 0.03619401888462413, "kernel": "linear", "nu": 0.8936471371931688}, "FCN": {"L2_factor": 0.009485360099838358, "dropout_factor": 0.11535678951924894}}, "weights": {"RandomForest": 0.19001156442356665, "XGBoost": 0.13923737974641212, "SVR": 0.4674569560005836, "NuSVR": 0.18490949040549456, "FCN": 0.018384609423943078}, "fit_wind_square": false}