{"X_feature_dict": {"RandomForest": ["\u6674", "\u591a\u96f2", "\u9670", "\u77ed\u66ab\u9663\u96e8", "\u77ed\u66ab\u9663\u96e8\u6216\u96f7\u96e8", "\u5348\u5f8c\u77ed\u66ab\u96f7\u9663\u96e8", "\u9663\u96e8\u6216\u96f7\u96e8", "\u76f8\u5c0d\u6ebc\u5ea6"], "XGBoost": ["\u6674", "\u591a\u96f2", "\u9670", "\u77ed\u66ab\u9663\u96e8", "\u77ed\u66ab\u9663\u96e8\u6216\u96f7\u96e8", "\u5348\u5f8c\u77ed\u66ab\u96f7\u9663\u96e8", "\u9663\u96e8\u6216\u96f7\u96e8", "\u76f8\u5c0d\u6ebc\u5ea6"], "SVR": ["\u6674", "\u591a\u96f2", "\u9670", "\u77ed\u66ab\u9663\u96e8", "\u77ed\u66ab\u9663\u96e8\u6216\u96f7\u96e8", "\u5348\u5f8c\u77ed\u66ab\u96f7\u9663\u96e8", "\u9663\u96e8\u6216\u96f7\u96e8", "\u76f8\u5c0d\u6ebc\u5ea6"], "NuSVR": ["\u6674", "\u591a\u96f2", "\u9670", "\u77ed\u66ab\u9663\u96e8", "\u77ed\u66ab\u9663\u96e8\u6216\u96f7\u96e8", "\u5348\u5f8c\u77ed\u66ab\u96f7\u9663\u96e8", "\u9663\u96e8\u6216\u96f7\u96e8", "\u76f8\u5c0d\u6ebc\u5ea6"], "FCN": ["\u6674", "\u591a\u96f2", "\u9670", "\u77ed\u66ab\u9663\u96e8", "\u77ed\u66ab\u9663\u96e8\u6216\u96f7\u96e8", "\u5348\u5f8c\u77ed\u66ab\u96f7\u9663\u96e8", "\u9663\u96e8\u6216\u96f7\u96e8", "\u76f8\u5c0d\u6ebc\u5ea6"]}, "hyperparameters_dict": {"RandomForest": {"max_depth": 11, "n_estimators": 146}, "XGBoost": {"max_depth": 2, "n_estimators": 23}, "SVR": {"C": 10.510584166812476, "kernel": "sigmoid"}, "NuSVR": {"C": 9.024585024739107, "kernel": "sigmoid", "nu": 0.7512492841501225}, "FCN": {"L2_factor": 0.021517425264349053, "dropout_factor": 0.36979837303627927}}, "weights": {"RandomForest": 0.03756451731724504, "XGBoost": 0.14185858418730996, "SVR": 0.32985999466957805, "NuSVR": 0.34338530809599327, "FCN": 0.14733159572987364}}