{"X_feature_dict": {"FCN": ["\u98a8\u901f", "\u6771\u897f\u98a8", "\u5357\u5317\u98a8", "\u6eab\u5ea6", "\u98a8\u901f\u8d85\u904e\u4e0a\u9650"], "RandomForest": ["\u98a8\u901f", "\u6771\u897f\u98a8", "\u5357\u5317\u98a8", "\u6674", "\u591a\u96f2", "\u9670", "\u77ed\u66ab\u9663\u96e8", "\u77ed\u66ab\u9663\u96e8\u6216\u96f7\u96e8", "\u5348\u5f8c\u77ed\u66ab\u96f7\u9663\u96e8", "\u9663\u96e8\u6216\u96f7\u96e8", "\u76f8\u5c0d\u6ebc\u5ea6", "\u6eab\u5ea6", "\u98a8\u901f\u8d85\u904e\u4e0a\u9650"], "LightGBM": ["\u98a8\u901f", "\u6771\u897f\u98a8", "\u5357\u5317\u98a8", "\u6eab\u5ea6", "\u98a8\u901f\u8d85\u904e\u4e0a\u9650"], "SVR": ["\u98a8\u901f", "\u6771\u897f\u98a8", "\u5357\u5317\u98a8", "\u6eab\u5ea6", "\u98a8\u901f\u8d85\u904e\u4e0a\u9650"]}, "hyperparameters_dict": {"FCN": {"L2_factor": 0.06646121768184096, "dropout_factor": 0.05219063008059277}, "RandomForest": {"max_depth": 9, "n_estimators": 149}, "LightGBM": {"max_depth": 6, "n_estimators": 20}, "SVR": {"C": 0.22845526144654815, "kernel": "linear"}}, "weights": {"FCN": 0.26712585866155997, "RandomForest": 0.1306697811267285, "LightGBM": 0.12766262431057535, "SVR": 0.47454173590113635}, "fit_wind_square": true}