{"X_feature_dict": {"LinearRegression": ["\u6c23\u6eab", "\u6700\u9ad8\u6c23\u6eab", "\u6700\u4f4e\u6c23\u6eab", "\u5168\u5929\u7a7a\u65e5\u5c04\u91cf", "\u65e5\u671f\u6578\u5b57", "\u5047\u65e5", "\u9031\u516d", "\u9031\u65e5", "\u88dc\u73ed", "1~3\u6708", "11~12\u6708"], "FCN": ["\u6c23\u6eab", "\u6700\u9ad8\u6c23\u6eab", "\u6700\u4f4e\u6c23\u6eab", "\u5168\u5929\u7a7a\u65e5\u5c04\u91cf", "\u65e5\u671f\u6578\u5b57", "\u5047\u65e5", "\u9031\u516d", "\u9031\u65e5", "\u88dc\u73ed", "1~3\u6708", "11~12\u6708"], "RandomForest": ["\u6c23\u6eab", "\u6700\u9ad8\u6c23\u6eab", "\u6700\u4f4e\u6c23\u6eab", "\u5168\u5929\u7a7a\u65e5\u5c04\u91cf", "\u65e5\u671f\u6578\u5b57", "\u5047\u65e5", "\u9031\u516d", "\u9031\u65e5", "\u88dc\u73ed", "1~3\u6708", "11~12\u6708"], "XGBoost": ["\u6c23\u6eab", "\u6700\u9ad8\u6c23\u6eab", "\u6700\u4f4e\u6c23\u6eab", "\u5168\u5929\u7a7a\u65e5\u5c04\u91cf", "\u65e5\u671f\u6578\u5b57", "\u5047\u65e5", "\u9031\u516d", "\u9031\u65e5", "\u88dc\u73ed", "1~3\u6708", "11~12\u6708"]}, "hyperparameters_dict": {"LinearRegression": {}, "FCN": {"L2_factor": 0.1053827379092039, "dropout_factor": 0.33064438957159265}, "RandomForest": {"max_depth": 7, "n_estimators": 86}, "XGBoost": {"max_depth": 2, "n_estimators": 48}}, "weights": {"LinearRegression": 0.1343476072572037, "FCN": 0.36455284866269383, "RandomForest": 0.25486124593612414, "XGBoost": 0.24623829808283734}}