{"X_feature_dict": {"FCN": ["\u6c23\u6eab", "\u6700\u9ad8\u6c23\u6eab", "\u6700\u4f4e\u6c23\u6eab", "\u65e5\u671f\u6578\u5b57", "\u5047\u65e5", "\u9031\u516d", "\u9031\u65e5", "\u88dc\u73ed", "\u767d\u65e5\u9577\u5ea6", "\u5348\u5f8c\u5e73\u5747\u6c23\u6eab", "\u4e0b\u5348\u5e73\u5747\u6c23\u6eab", "\u508d\u665a\u5e73\u5747\u6c23\u6eab"], "LogisticRegression": ["\u6c23\u6eab", "\u6700\u9ad8\u6c23\u6eab", "\u6700\u4f4e\u6c23\u6eab", "\u65e5\u671f\u6578\u5b57", "\u5047\u65e5", "\u9031\u516d", "\u9031\u65e5", "\u88dc\u73ed", "\u767d\u65e5\u9577\u5ea6", "\u5348\u5f8c\u5e73\u5747\u6c23\u6eab", "\u4e0b\u5348\u5e73\u5747\u6c23\u6eab", "\u508d\u665a\u5e73\u5747\u6c23\u6eab"], "RandomForest": ["\u6c23\u6eab", "\u6700\u9ad8\u6c23\u6eab", "\u6700\u4f4e\u6c23\u6eab", "\u65e5\u671f\u6578\u5b57", "\u5047\u65e5", "\u9031\u516d", "\u9031\u65e5", "\u88dc\u73ed", "\u767d\u65e5\u9577\u5ea6", "\u5348\u5f8c\u5e73\u5747\u6c23\u6eab", "\u4e0b\u5348\u5e73\u5747\u6c23\u6eab", "\u508d\u665a\u5e73\u5747\u6c23\u6eab"], "XGBoost": ["\u6c23\u6eab", "\u6700\u9ad8\u6c23\u6eab", "\u6700\u4f4e\u6c23\u6eab", "\u65e5\u671f\u6578\u5b57", "\u5047\u65e5", "\u9031\u516d", "\u9031\u65e5", "\u88dc\u73ed", "\u767d\u65e5\u9577\u5ea6", "\u5348\u5f8c\u5e73\u5747\u6c23\u6eab", "\u4e0b\u5348\u5e73\u5747\u6c23\u6eab", "\u508d\u665a\u5e73\u5747\u6c23\u6eab"], "LightGBM": ["\u6c23\u6eab", "\u6700\u9ad8\u6c23\u6eab", "\u6700\u4f4e\u6c23\u6eab", "\u65e5\u671f\u6578\u5b57", "\u5047\u65e5", "\u9031\u516d", "\u9031\u65e5", "\u88dc\u73ed", "\u767d\u65e5\u9577\u5ea6", "\u5348\u5f8c\u5e73\u5747\u6c23\u6eab", "\u4e0b\u5348\u5e73\u5747\u6c23\u6eab", "\u508d\u665a\u5e73\u5747\u6c23\u6eab"], "SVC": ["\u6c23\u6eab", "\u6700\u9ad8\u6c23\u6eab", "\u6700\u4f4e\u6c23\u6eab", "\u65e5\u671f\u6578\u5b57", "\u5047\u65e5", "\u9031\u516d", "\u9031\u65e5", "\u88dc\u73ed", "\u767d\u65e5\u9577\u5ea6", "\u5348\u5f8c\u5e73\u5747\u6c23\u6eab", "\u4e0b\u5348\u5e73\u5747\u6c23\u6eab", "\u508d\u665a\u5e73\u5747\u6c23\u6eab"]}, "hyperparameters_dict": {"FCN": {"L2_factor": 0.03377078593016343, "dropout_factor": 0.31125954161240865}, "LogisticRegression": {"C": 6.509226859076185, "solver": "saga"}, "RandomForest": {"max_depth": 14, "n_estimators": 200}, "XGBoost": {"max_depth": 5, "n_estimators": 11}, "LightGBM": {"max_depth": 10, "n_estimators": 44}, "SVC": {"C": 9.80782542344959, "kernel": "rbf"}}, "weights": {"FCN": 0.2202949711385528, "LogisticRegression": 0.2672707809226492, "RandomForest": 0.14594153121512082, "XGBoost": 0.1855803129338903, "LightGBM": 0.04282243624879859, "SVC": 0.13808996754098846}}