{"X_feature_dict": {"FCN": ["\u6c23\u6eab", "\u6700\u9ad8\u6c23\u6eab", "\u6700\u4f4e\u6c23\u6eab", "\u65e5\u671f\u6578\u5b57", "\u5047\u65e5", "\u9031\u516d", "\u9031\u65e5", "\u88dc\u73ed", "\u767d\u65e5\u9577\u5ea6"], "LogisticRegression": ["\u6c23\u6eab", "\u6700\u9ad8\u6c23\u6eab", "\u6700\u4f4e\u6c23\u6eab", "\u65e5\u671f\u6578\u5b57", "\u5047\u65e5", "\u9031\u516d", "\u9031\u65e5", "\u88dc\u73ed", "\u767d\u65e5\u9577\u5ea6"], "RandomForest": ["\u6c23\u6eab", "\u6700\u9ad8\u6c23\u6eab", "\u6700\u4f4e\u6c23\u6eab", "\u65e5\u671f\u6578\u5b57", "\u5047\u65e5", "\u9031\u516d", "\u9031\u65e5", "\u88dc\u73ed", "\u767d\u65e5\u9577\u5ea6"], "XGBoost": ["\u6c23\u6eab", "\u6700\u9ad8\u6c23\u6eab", "\u6700\u4f4e\u6c23\u6eab", "\u65e5\u671f\u6578\u5b57", "\u5047\u65e5", "\u9031\u516d", "\u9031\u65e5", "\u88dc\u73ed", "\u767d\u65e5\u9577\u5ea6"], "SVC": ["\u6c23\u6eab", "\u6700\u9ad8\u6c23\u6eab", "\u6700\u4f4e\u6c23\u6eab", "\u65e5\u671f\u6578\u5b57", "\u5047\u65e5", "\u9031\u516d", "\u9031\u65e5", "\u88dc\u73ed", "\u767d\u65e5\u9577\u5ea6"]}, "hyperparameters_dict": {"FCN": {"L2_factor": 0.002576271940664411, "dropout_factor": 0.1252443332428825}, "LogisticRegression": {"C": 0.7975026697912178, "solver": "sag"}, "RandomForest": {"max_depth": 14, "n_estimators": 95}, "XGBoost": {"max_depth": 15, "n_estimators": 33}, "SVC": {"C": 1.2964550960648644, "kernel": "rbf"}}, "weights": {"FCN": 0.1531634824041513, "LogisticRegression": 0.3311883533240124, "RandomForest": 0.2083770705104747, "XGBoost": 0.2910927294333223, "SVC": 0.016178364328039208}}