{"X_feature_dict": {"FCN": ["\u6c23\u6eab", "\u6700\u9ad8\u6c23\u6eab", "\u6700\u4f4e\u6c23\u6eab", "\u65e5\u671f\u6578\u5b57", "\u5047\u65e5", "\u9031\u516d", "\u9031\u65e5", "\u88dc\u73ed", "1~3\u6708", "11~12\u6708"], "XGBoost": ["\u6c23\u6eab", "\u6700\u9ad8\u6c23\u6eab", "\u6700\u4f4e\u6c23\u6eab", "\u65e5\u671f\u6578\u5b57", "\u5047\u65e5", "\u9031\u516d", "\u9031\u65e5", "\u88dc\u73ed", "1~3\u6708", "11~12\u6708"], "LightGBM": ["\u6c23\u6eab", "\u6700\u9ad8\u6c23\u6eab", "\u6700\u4f4e\u6c23\u6eab", "\u65e5\u671f\u6578\u5b57", "\u5047\u65e5", "\u9031\u516d", "\u9031\u65e5", "\u88dc\u73ed", "1~3\u6708", "11~12\u6708"], "SVR": ["\u6c23\u6eab", "\u6700\u9ad8\u6c23\u6eab", "\u6700\u4f4e\u6c23\u6eab", "\u65e5\u671f\u6578\u5b57", "\u5047\u65e5", "\u9031\u516d", "\u9031\u65e5", "\u88dc\u73ed", "1~3\u6708", "11~12\u6708"]}, "hyperparameters_dict": {"FCN": {"L2_factor": 0.06427546813184054, "dropout_factor": 0.16268006046854297}, "XGBoost": {"max_depth": 2, "n_estimators": 87}, "LightGBM": {"max_depth": 14, "n_estimators": 80}, "SVR": {"C": 196.04254877334432, "kernel": "rbf"}}, "weights": {"FCN": 0.27343012794241983, "XGBoost": 0.19833241886105962, "LightGBM": 0.0650475300514186, "SVR": 0.46318992314510204}}