{"X_feature_dict": {"LinearRegression": ["\u6eab\u5ea6", "Town"], "RandomForest": ["\u6eab\u5ea6", "Town"], "LightGBM": ["\u6eab\u5ea6", "Town"], "NuSVR": ["\u6eab\u5ea6", "Town"], "FCN": ["\u6eab\u5ea6", "Town"]}, "hyperparameters_dict": {"LinearRegression": {}, "RandomForest": {"max_depth": 5, "n_estimators": 76}, "LightGBM": {"max_depth": 12, "n_estimators": 48, "force_col_wise": true, "verbose": -1}, "NuSVR": {"C": 1.6685387329938508, "kernel": "rbf", "nu": 0.6258545216972887}, "FCN": {"L2_factor": 0.03809103655842705, "dropout_factor": 0.36507611831748366}}, "weights": {"LinearRegression": 0.3825444939286357, "RandomForest": 0.08246309700768543, "LightGBM": 0.06551678247442044, "NuSVR": 0.42465529431698823, "FCN": 0.04482033227227002}, "fit_wind_square": false}