{"X_feature_dict": {"FCN": ["\u98a8\u901f", "\u6771\u897f\u98a8", "\u5357\u5317\u98a8", "\u6eab\u5ea6"], "RandomForest": ["\u98a8\u901f", "\u6771\u897f\u98a8", "\u5357\u5317\u98a8", "\u6674", "\u591a\u96f2", "\u9670", "\u77ed\u66ab\u9663\u96e8", "\u77ed\u66ab\u9663\u96e8\u6216\u96f7\u96e8", "\u5348\u5f8c\u77ed\u66ab\u96f7\u9663\u96e8", "\u9663\u96e8\u6216\u96f7\u96e8", "\u76f8\u5c0d\u6ebc\u5ea6", "\u6eab\u5ea6"], "XGBoost": ["\u98a8\u901f", "\u6771\u897f\u98a8", "\u5357\u5317\u98a8", "\u6eab\u5ea6"], "SVR": ["\u98a8\u901f", "\u6771\u897f\u98a8", "\u5357\u5317\u98a8", "\u6eab\u5ea6"]}, "hyperparameters_dict": {"FCN": {"L2_factor": 0.016636402781164388, "dropout_factor": 0.48361535036227954}, "RandomForest": {"max_depth": 14, "n_estimators": 128}, "XGBoost": {"max_depth": 4, "n_estimators": 193}, "SVR": {"C": 0.24966890919155457, "kernel": "linear"}}, "weights": {"FCN": 0.2128597828980254, "RandomForest": 0.4361183467261589, "XGBoost": 0.02386578231989284, "SVR": 0.32715608805592294}}