{"X_feature_dict": {"FCN": ["\u98a8\u901f", "\u6771\u897f\u98a8", "\u5357\u5317\u98a8", "\u6eab\u5ea6"], "RandomForest": ["\u98a8\u901f", "\u6771\u897f\u98a8", "\u5357\u5317\u98a8", "\u6674", "\u591a\u96f2", "\u9670", "\u77ed\u66ab\u9663\u96e8", "\u77ed\u66ab\u9663\u96e8\u6216\u96f7\u96e8", "\u5348\u5f8c\u77ed\u66ab\u96f7\u9663\u96e8", "\u9663\u96e8\u6216\u96f7\u96e8", "\u76f8\u5c0d\u6ebc\u5ea6", "\u6eab\u5ea6"], "XGBoost": ["\u98a8\u901f", "\u6771\u897f\u98a8", "\u5357\u5317\u98a8", "\u6eab\u5ea6"], "SVR": ["\u98a8\u901f", "\u6771\u897f\u98a8", "\u5357\u5317\u98a8", "\u6eab\u5ea6"], "NuSVR": ["\u98a8\u901f", "\u6771\u897f\u98a8", "\u5357\u5317\u98a8", "\u6eab\u5ea6"]}, "hyperparameters_dict": {"FCN": {"L2_factor": 0.012867906181328041, "dropout_factor": 0.010144684642082125}, "RandomForest": {"max_depth": 10, "n_estimators": 85}, "XGBoost": {"max_depth": 4, "n_estimators": 149}, "SVR": {"C": 0.610471421488569, "kernel": "linear"}, "NuSVR": {"C": 0.033558469259646846, "kernel": "linear", "nu": 0.4716071317344285}}, "weights": {"FCN": 0.05521879977077168, "RandomForest": 0.21411979686085603, "XGBoost": 0.23906835953048766, "SVR": 0.4723917391736542, "NuSVR": 0.01920130466423045}, "fit_wind_square": true}