{"X_feature_dict": {"SVR": ["\u98a8\u901f"], "RandomForest": ["\u98a8\u901f"]}, "hyperparameters_dict": {"SVR": {"C": 0.28100714352520223, "kernel": "linear"}, "RandomForest": {"max_depth": 3, "n_estimators": 198}}, "weights": {"SVR": 0.3722612507555542, "RandomForest": 0.6277387492444457}}