{"X_feature_dict": {"SVR": ["\u98a8\u901f"], "RandomForest": ["\u98a8\u901f"], "XGBoost": ["\u98a8\u901f"], "NuSVR": ["\u98a8\u901f"], "FCN": ["\u98a8\u901f"]}, "hyperparameters_dict": {"SVR": {"C": 0.12467067855675402, "kernel": "linear"}, "RandomForest": {"max_depth": 3, "n_estimators": 135}, "XGBoost": {"max_depth": 4, "n_estimators": 13}, "NuSVR": {"C": 0.6225845929786307, "kernel": "linear", "nu": 0.6133620347889677}, "FCN": {"L2_factor": 0.002133285120167835, "dropout_factor": 0.007216057518136032}}, "weights": {"SVR": 0.0546146715884752, "RandomForest": 0.047295837049120715, "XGBoost": 0.3355036791216271, "NuSVR": 0.44231619856180415, "FCN": 0.12026961367897279}, "fit_wind_square": true}