{"X_feature_dict": {"SVR": ["\u6eab\u5ea6", "Town"], "RandomForest": ["\u6eab\u5ea6", "Town"], "XGBoost": ["\u6eab\u5ea6", "Town"], "LightGBM": ["\u6eab\u5ea6", "Town"], "NuSVR": ["\u6eab\u5ea6", "Town"], "FCN": ["\u6eab\u5ea6", "Town"]}, "hyperparameters_dict": {"SVR": {"C": 0.5069571517617331, "kernel": "linear"}, "RandomForest": {"max_depth": 6, "n_estimators": 157}, "XGBoost": {"max_depth": 2, "n_estimators": 169}, "LightGBM": {"max_depth": 2, "n_estimators": 110}, "NuSVR": {"C": 0.7994308284262858, "kernel": "linear", "nu": 0.33944010311826456}, "FCN": {"L2_factor": 0.008697449966588852, "dropout_factor": 0.4023643961721633}}, "weights": {"SVR": 0.0646019792370446, "RandomForest": 0.03591547457269287, "XGBoost": 0.1616880240651334, "LightGBM": 0.14904041766466888, "NuSVR": 0.5681891692318816, "FCN": 0.020564935228578652}, "fit_wind_square": false}