{"X_feature_dict": {"FCN": ["\u98a8\u901f", "\u6771\u897f\u98a8", "\u5357\u5317\u98a8", "\u6eab\u5ea6"], "RandomForest": ["\u98a8\u901f", "\u6771\u897f\u98a8", "\u5357\u5317\u98a8", "\u6674", "\u591a\u96f2", "\u9670", "\u77ed\u66ab\u9663\u96e8", "\u77ed\u66ab\u9663\u96e8\u6216\u96f7\u96e8", "\u5348\u5f8c\u77ed\u66ab\u96f7\u9663\u96e8", "\u9663\u96e8\u6216\u96f7\u96e8", "\u76f8\u5c0d\u6ebc\u5ea6", "\u6eab\u5ea6"], "XGBoost": ["\u98a8\u901f", "\u6771\u897f\u98a8", "\u5357\u5317\u98a8", "\u6eab\u5ea6"], "SVR": ["\u98a8\u901f", "\u6771\u897f\u98a8", "\u5357\u5317\u98a8", "\u6eab\u5ea6"]}, "hyperparameters_dict": {"FCN": {"L2_factor": 0.12935373036681566, "dropout_factor": 0.4128124094325431}, "RandomForest": {"max_depth": 9, "n_estimators": 167}, "XGBoost": {"max_depth": 4, "n_estimators": 122}, "SVR": {"C": 0.7357754502543328, "kernel": "linear"}}, "weights": {"FCN": 0.06304811441457198, "RandomForest": 0.2731058834855691, "XGBoost": 0.2135773697074771, "SVR": 0.45026863239238196}}