{"X_feature_dict": {"FCN": ["\u6c23\u6eab", "\u6700\u9ad8\u6c23\u6eab", "\u6700\u4f4e\u6c23\u6eab", "\u65e5\u671f\u6578\u5b57", "\u5047\u65e5", "\u9031\u516d", "\u9031\u65e5", "\u88dc\u73ed", "1~3\u6708", "11~12\u6708", "\u5c16\u5cf0\u8ca0\u8f09_90\u5929\u5167\u6700\u5927\u503c"], "XGBoost": ["\u6c23\u6eab", "\u6700\u9ad8\u6c23\u6eab", "\u6700\u4f4e\u6c23\u6eab", "\u65e5\u671f\u6578\u5b57", "\u5047\u65e5", "\u9031\u516d", "\u9031\u65e5", "\u88dc\u73ed", "1~3\u6708", "11~12\u6708", "\u5c16\u5cf0\u8ca0\u8f09_90\u5929\u5167\u6700\u5927\u503c"], "LightGBM": ["\u6c23\u6eab", "\u6700\u9ad8\u6c23\u6eab", "\u6700\u4f4e\u6c23\u6eab", "\u65e5\u671f\u6578\u5b57", "\u5047\u65e5", "\u9031\u516d", "\u9031\u65e5", "\u88dc\u73ed", "1~3\u6708", "11~12\u6708", "\u5c16\u5cf0\u8ca0\u8f09_90\u5929\u5167\u6700\u5927\u503c"], "NuSVR": ["\u6c23\u6eab", "\u6700\u9ad8\u6c23\u6eab", "\u6700\u4f4e\u6c23\u6eab", "\u65e5\u671f\u6578\u5b57", "\u5047\u65e5", "\u9031\u516d", "\u9031\u65e5", "\u88dc\u73ed", "1~3\u6708", "11~12\u6708", "\u5c16\u5cf0\u8ca0\u8f09_90\u5929\u5167\u6700\u5927\u503c"]}, "hyperparameters_dict": {"FCN": {"L2_factor": 0.05143657165118318, "dropout_factor": 0.04708143758424782}, "XGBoost": {"max_depth": 4, "n_estimators": 117}, "LightGBM": {"max_depth": 3, "n_estimators": 194}, "NuSVR": {"C": 44.789414155205755, "kernel": "rbf", "nu": 0.4438169636077629}}, "weights": {"FCN": 0.5158027227914017, "XGBoost": 0.25657066642988724, "LightGBM": 0.11236794283033572, "NuSVR": 0.11525866775808259}, "fit_wind_square": false}