{"X_feature_dict": {"LinearRegression": ["\u98a8\u901f"], "SVR": ["\u98a8\u901f"], "RandomForest": ["\u98a8\u901f"], "XGBoost": ["\u98a8\u901f"], "FCN": ["\u98a8\u901f"]}, "hyperparameters_dict": {"LinearRegression": {}, "SVR": {"C": 7.691606146773484, "kernel": "rbf"}, "RandomForest": {"max_depth": 4, "n_estimators": 130}, "XGBoost": {"max_depth": 2, "n_estimators": 39}, "FCN": {"L2_factor": 0.3754961292967383, "dropout_factor": 0.2341101160155981}}, "weights": {"LinearRegression": 0.10874632462866664, "SVR": 0.42238694318286674, "RandomForest": 0.4191268560101736, "XGBoost": 0.012131829195361552, "FCN": 0.037608046982931596}, "fit_wind_square": true}