{"X_feature_dict": {"LinearRegression": ["\u98a8\u901f"], "SVR": ["\u98a8\u901f"], "RandomForest": ["\u98a8\u901f"]}, "hyperparameters_dict": {"LinearRegression": {}, "SVR": {"C": 0.1404377386980103, "kernel": "linear"}, "RandomForest": {"max_depth": 6, "n_estimators": 114}}, "weights": {"LinearRegression": 0.3296340446876402, "SVR": 0.23953169708770067, "RandomForest": 0.43083425822465915}}