{"X_feature_dict": {"LinearRegression": ["\u98a8\u901f", "\u98a8\u901f\u8d85\u904e\u4e0a\u9650", "Town"], "SVR": ["\u98a8\u901f", "\u98a8\u901f\u8d85\u904e\u4e0a\u9650", "Town"], "RandomForest": ["\u98a8\u901f", "\u98a8\u901f\u8d85\u904e\u4e0a\u9650", "Town"], "XGBoost": ["\u98a8\u901f", "\u98a8\u901f\u8d85\u904e\u4e0a\u9650", "Town"], "LightGBM": ["\u98a8\u901f", "\u98a8\u901f\u8d85\u904e\u4e0a\u9650", "Town"], "NuSVR": ["\u98a8\u901f", "\u98a8\u901f\u8d85\u904e\u4e0a\u9650", "Town"], "FCN": ["\u98a8\u901f", "\u98a8\u901f\u8d85\u904e\u4e0a\u9650", "Town"]}, "hyperparameters_dict": {"LinearRegression": {}, "SVR": {"C": 33.03950437849908, "kernel": "poly"}, "RandomForest": {"max_depth": 13, "n_estimators": 49}, "XGBoost": {"max_depth": 3, "n_estimators": 162}, "LightGBM": {"max_depth": 4, "n_estimators": 67, "force_col_wise": true, "verbose": -1}, "NuSVR": {"C": 124.8622577654948, "kernel": "poly", "nu": 0.6114862693386449}, "FCN": {"L2_factor": 0.058566634195491137, "dropout_factor": 0.07580771159007088}}, "weights": {"LinearRegression": 0.044024851516232984, "SVR": 0.08034279795757675, "RandomForest": 0.19103232404194848, "XGBoost": 0.1563531729548106, "LightGBM": 0.060035814540722265, "NuSVR": 0.40550542233372966, "FCN": 0.06270561665497926}, "fit_wind_square": true}