{"X_feature_dict": {"FCN": ["\u6eab\u5ea6"], "SVR": ["\u6eab\u5ea6"], "NuSVR": ["\u6eab\u5ea6"], "LightGBM": ["\u6eab\u5ea6"]}, "hyperparameters_dict": {"FCN": {"L2_factor": 0.021489297699436933, "dropout_factor": 0.15637415818214406}, "SVR": {"C": 0.025783540085003956, "kernel": "linear"}, "NuSVR": {"C": 0.29317090848841565, "kernel": "linear", "nu": 0.43792723081125384}, "LightGBM": {"max_depth": 9, "n_estimators": 35}}, "weights": {"FCN": 0.21614398632559098, "SVR": 0.018897035812915252, "NuSVR": 0.440422163205666, "LightGBM": 0.32453681465582807}}