{"X_feature_dict": {"FCN": ["\u6eab\u5ea6"], "RandomForest": ["\u6eab\u5ea6"], "SVR": ["\u6eab\u5ea6"], "NuSVR": ["\u6eab\u5ea6"], "LightGBM": ["\u6eab\u5ea6"]}, "hyperparameters_dict": {"FCN": {"L2_factor": 0.003939613562228334, "dropout_factor": 0.13803212221837197}, "RandomForest": {"max_depth": 5, "n_estimators": 93}, "SVR": {"C": 192.51684898769778, "kernel": "linear"}, "NuSVR": {"C": 4.91644015680394, "kernel": "linear", "nu": 0.38216796028895883}, "LightGBM": {"max_depth": 14, "n_estimators": 32}}, "weights": {"FCN": 0.06257059110901735, "RandomForest": 0.27472079054934484, "SVR": 0.1140905657848086, "NuSVR": 0.294254560969727, "LightGBM": 0.2543634915871024}}