{"X_feature_dict": {"LinearRegression": ["\u98a8\u901f", "\u98a8\u901f\u8d85\u904e\u4e0a\u9650", "Town"], "SVR": ["\u98a8\u901f", "\u98a8\u901f\u8d85\u904e\u4e0a\u9650", "Town"], "RandomForest": ["\u98a8\u901f", "\u98a8\u901f\u8d85\u904e\u4e0a\u9650", "Town"], "XGBoost": ["\u98a8\u901f", "\u98a8\u901f\u8d85\u904e\u4e0a\u9650", "Town"], "NuSVR": ["\u98a8\u901f", "\u98a8\u901f\u8d85\u904e\u4e0a\u9650", "Town"], "FCN": ["\u98a8\u901f", "\u98a8\u901f\u8d85\u904e\u4e0a\u9650", "Town"]}, "hyperparameters_dict": {"LinearRegression": {}, "SVR": {"C": 163.38067567283932, "kernel": "rbf"}, "RandomForest": {"max_depth": 7, "n_estimators": 197}, "XGBoost": {"max_depth": 3, "n_estimators": 26}, "NuSVR": {"C": 9.465158035964539, "kernel": "poly", "nu": 0.6138017959895656}, "FCN": {"L2_factor": 0.07589363962293974, "dropout_factor": 0.4688066970099627}}, "weights": {"LinearRegression": 0.01613738678693338, "SVR": 0.4274569888954887, "RandomForest": 0.18987059746271362, "XGBoost": 0.2563221274299118, "NuSVR": 0.09148681223789625, "FCN": 0.018726087187056352}, "fit_wind_square": true}