{"X_feature_dict": {"FCN": ["\u98a8\u901f", "\u65e5\u671f\u6578\u5b57", "\u5047\u65e5", "\u9031\u516d", "\u9031\u65e5", "\u88dc\u73ed", "1~3\u6708", "11~12\u6708"], "RandomForest": ["\u98a8\u901f", "\u65e5\u671f\u6578\u5b57", "\u5047\u65e5", "\u9031\u516d", "\u9031\u65e5", "\u88dc\u73ed", "1~3\u6708", "11~12\u6708"], "XGBoost": ["\u98a8\u901f", "\u65e5\u671f\u6578\u5b57", "\u5047\u65e5", "\u9031\u516d", "\u9031\u65e5", "\u88dc\u73ed", "1~3\u6708", "11~12\u6708"], "LightGBM": ["\u98a8\u901f", "\u65e5\u671f\u6578\u5b57", "\u5047\u65e5", "\u9031\u516d", "\u9031\u65e5", "\u88dc\u73ed", "1~3\u6708", "11~12\u6708"], "SVR": ["\u98a8\u901f", "\u65e5\u671f\u6578\u5b57", "\u5047\u65e5", "\u9031\u516d", "\u9031\u65e5", "\u88dc\u73ed", "1~3\u6708", "11~12\u6708"], "NuSVR": ["\u98a8\u901f", "\u65e5\u671f\u6578\u5b57", "\u5047\u65e5", "\u9031\u516d", "\u9031\u65e5", "\u88dc\u73ed", "1~3\u6708", "11~12\u6708"]}, "hyperparameters_dict": {"FCN": {"L2_factor": 0.013005685305042187, "dropout_factor": 0.3959026641543964}, "RandomForest": {"max_depth": 10, "n_estimators": 71}, "XGBoost": {"max_depth": 2, "n_estimators": 76}, "LightGBM": {"max_depth": 13, "n_estimators": 76}, "SVR": {"C": 151.36176482779152, "kernel": "rbf"}, "NuSVR": {"C": 6.627594643188466, "kernel": "linear", "nu": 0.30521882998925987}}, "weights": {"FCN": 0.12202106094793123, "RandomForest": 0.022927720404347006, "XGBoost": 0.40989069357423263, "LightGBM": 0.13034973972347233, "SVR": 0.29957369765026076, "NuSVR": 0.015237087699490002}}