{"X_feature_dict": {"RandomForest": ["\u6eab\u5ea6"], "XGBoost": ["\u6eab\u5ea6"], "SVR": ["\u6eab\u5ea6"], "NuSVR": ["\u6eab\u5ea6"], "LightGBM": ["\u6eab\u5ea6"]}, "hyperparameters_dict": {"RandomForest": {"max_depth": 4, "n_estimators": 101}, "XGBoost": {"max_depth": 2, "n_estimators": 80}, "SVR": {"C": 1.3096675088370737, "kernel": "linear"}, "NuSVR": {"C": 88.6499459492581, "kernel": "linear", "nu": 0.27347162315943196}, "LightGBM": {"max_depth": 2, "n_estimators": 58}}, "weights": {"RandomForest": 0.30795026850797125, "XGBoost": 0.1757611451044996, "SVR": 0.04183312445796491, "NuSVR": 0.3276625225787515, "LightGBM": 0.14679293935081286}}