{"X_feature_dict": {"LinearRegression": ["\u98a8\u901f"], "SVR": ["\u98a8\u901f"], "RandomForest": ["\u98a8\u901f"]}, "hyperparameters_dict": {"LinearRegression": {}, "SVR": {"C": 0.00775136403064847, "kernel": "linear"}, "RandomForest": {"max_depth": 4, "n_estimators": 129}}, "weights": {"LinearRegression": 0.21481565104500636, "SVR": 0.21468121736811582, "RandomForest": 0.5705031315868778}}