{"X_feature_dict": {"FCN": ["\u6c23\u6eab", "\u6700\u9ad8\u6c23\u6eab", "\u6700\u4f4e\u6c23\u6eab", "\u65e5\u671f\u6578\u5b57", "\u5047\u65e5", "\u9031\u516d", "\u9031\u65e5", "\u88dc\u73ed", "\u767d\u65e5\u9577\u5ea6"], "LogisticRegression": ["\u6c23\u6eab", "\u6700\u9ad8\u6c23\u6eab", "\u6700\u4f4e\u6c23\u6eab", "\u65e5\u671f\u6578\u5b57", "\u5047\u65e5", "\u9031\u516d", "\u9031\u65e5", "\u88dc\u73ed", "\u767d\u65e5\u9577\u5ea6"], "RandomForest": ["\u6c23\u6eab", "\u6700\u9ad8\u6c23\u6eab", "\u6700\u4f4e\u6c23\u6eab", "\u65e5\u671f\u6578\u5b57", "\u5047\u65e5", "\u9031\u516d", "\u9031\u65e5", "\u88dc\u73ed", "\u767d\u65e5\u9577\u5ea6"], "XGBoost": ["\u6c23\u6eab", "\u6700\u9ad8\u6c23\u6eab", "\u6700\u4f4e\u6c23\u6eab", "\u65e5\u671f\u6578\u5b57", "\u5047\u65e5", "\u9031\u516d", "\u9031\u65e5", "\u88dc\u73ed", "\u767d\u65e5\u9577\u5ea6"], "LightGBM": ["\u6c23\u6eab", "\u6700\u9ad8\u6c23\u6eab", "\u6700\u4f4e\u6c23\u6eab", "\u65e5\u671f\u6578\u5b57", "\u5047\u65e5", "\u9031\u516d", "\u9031\u65e5", "\u88dc\u73ed", "\u767d\u65e5\u9577\u5ea6"], "SVC": ["\u6c23\u6eab", "\u6700\u9ad8\u6c23\u6eab", "\u6700\u4f4e\u6c23\u6eab", "\u65e5\u671f\u6578\u5b57", "\u5047\u65e5", "\u9031\u516d", "\u9031\u65e5", "\u88dc\u73ed", "\u767d\u65e5\u9577\u5ea6"]}, "hyperparameters_dict": {"FCN": {"L2_factor": 0.004163987402538657, "dropout_factor": 0.04681459826313567}, "LogisticRegression": {"C": 1.734469249164027, "solver": "lbfgs"}, "RandomForest": {"max_depth": 12, "n_estimators": 66}, "XGBoost": {"max_depth": 13, "n_estimators": 58}, "LightGBM": {"max_depth": 4, "n_estimators": 47}, "SVC": {"C": 0.5998126005686496, "kernel": "linear"}}, "weights": {"FCN": 0.25717199083475073, "LogisticRegression": 0.1399586581278005, "RandomForest": 0.20595317057124915, "XGBoost": 0.18232295794390127, "LightGBM": 0.08456790836831171, "SVC": 0.13002531415398655}}