{"X_feature_dict": {"LinearRegression": ["\u98a8\u901f"], "SVR": ["\u98a8\u901f"], "RandomForest": ["\u98a8\u901f"]}, "hyperparameters_dict": {"LinearRegression": {}, "SVR": {"C": 0.2541235706156377, "kernel": "linear"}, "RandomForest": {"max_depth": 5, "n_estimators": 162}}, "weights": {"LinearRegression": 0.18319821586075347, "SVR": 0.3931566833627533, "RandomForest": 0.42364510077649326}}