{"X_feature_dict": {"SVR": ["\u98a8\u901f", "\u98a8\u901f\u8d85\u904e\u4e0a\u9650", "Town"], "RandomForest": ["\u98a8\u901f", "\u98a8\u901f\u8d85\u904e\u4e0a\u9650", "Town"], "XGBoost": ["\u98a8\u901f", "\u98a8\u901f\u8d85\u904e\u4e0a\u9650", "Town"], "NuSVR": ["\u98a8\u901f", "\u98a8\u901f\u8d85\u904e\u4e0a\u9650", "Town"], "FCN": ["\u98a8\u901f", "\u98a8\u901f\u8d85\u904e\u4e0a\u9650", "Town"]}, "hyperparameters_dict": {"SVR": {"C": 139.35932573584822, "kernel": "rbf"}, "RandomForest": {"max_depth": 7, "n_estimators": 90}, "XGBoost": {"max_depth": 2, "n_estimators": 61}, "NuSVR": {"C": 0.6630645565040203, "kernel": "linear", "nu": 0.5090793562323904}, "FCN": {"L2_factor": 0.002724959423314863, "dropout_factor": 0.19306651221996984}}, "weights": {"SVR": 0.45766435893096946, "RandomForest": 0.2183475972523178, "XGBoost": 0.23407816418857835, "NuSVR": 0.013058927114723186, "FCN": 0.07685095251341104}, "fit_wind_square": true}