{"X_feature_dict": {"LinearRegression": ["\u98a8\u901f", "\u98a8\u901f\u8d85\u904e\u4e0a\u9650", "Town"], "SVR": ["\u98a8\u901f", "\u98a8\u901f\u8d85\u904e\u4e0a\u9650", "Town"], "RandomForest": ["\u98a8\u901f", "\u98a8\u901f\u8d85\u904e\u4e0a\u9650", "Town"], "XGBoost": ["\u98a8\u901f", "\u98a8\u901f\u8d85\u904e\u4e0a\u9650", "Town"], "NuSVR": ["\u98a8\u901f", "\u98a8\u901f\u8d85\u904e\u4e0a\u9650", "Town"], "FCN": ["\u98a8\u901f", "\u98a8\u901f\u8d85\u904e\u4e0a\u9650", "Town"]}, "hyperparameters_dict": {"LinearRegression": {}, "SVR": {"C": 163.38067567283932, "kernel": "rbf"}, "RandomForest": {"max_depth": 7, "n_estimators": 197}, "XGBoost": {"max_depth": 3, "n_estimators": 26}, "NuSVR": {"C": 9.465158035964539, "kernel": "poly", "nu": 0.6138017959895656}, "FCN": {"L2_factor": 0.07589363962293974, "dropout_factor": 0.4688066970099627}}, "weights": {"LinearRegression": 0.016137386786933376, "SVR": 0.42745698889548867, "RandomForest": 0.1898705974627136, "XGBoost": 0.25632212742991173, "NuSVR": 0.09148681223789623, "FCN": 0.01872608718705635}, "fit_wind_square": true}