{"X_feature_dict": {"RandomForest": ["\u98a8\u901f", "\u98a8\u901f\u8d85\u904e\u4e0a\u9650"], "XGBoost": ["\u98a8\u901f", "\u98a8\u901f\u8d85\u904e\u4e0a\u9650"], "NuSVR": ["\u98a8\u901f", "\u98a8\u901f\u8d85\u904e\u4e0a\u9650"], "FCN": ["\u98a8\u901f", "\u98a8\u901f\u8d85\u904e\u4e0a\u9650"]}, "hyperparameters_dict": {"RandomForest": {"max_depth": 3, "n_estimators": 195}, "XGBoost": {"max_depth": 7, "n_estimators": 10}, "NuSVR": {"C": 30.504930951788154, "kernel": "rbf", "nu": 0.8907855561793678}, "FCN": {"L2_factor": 0.006030461473802463, "dropout_factor": 0.08009843659061572}}, "weights": {"RandomForest": 0.055239189438262226, "XGBoost": 0.13577260091432303, "NuSVR": 0.6196404723490476, "FCN": 0.18934773729836726}, "fit_wind_square": true}