{"X_feature_dict": {"XGBoost": ["\u6674", "\u591a\u96f2", "\u9670", "\u77ed\u66ab\u9663\u96e8", "\u77ed\u66ab\u9663\u96e8\u6216\u96f7\u96e8", "\u5348\u5f8c\u77ed\u66ab\u96f7\u9663\u96e8", "\u9663\u96e8\u6216\u96f7\u96e8", "\u76f8\u5c0d\u6ebc\u5ea6"], "SVR": ["\u6674", "\u591a\u96f2", "\u9670", "\u77ed\u66ab\u9663\u96e8", "\u77ed\u66ab\u9663\u96e8\u6216\u96f7\u96e8", "\u5348\u5f8c\u77ed\u66ab\u96f7\u9663\u96e8", "\u9663\u96e8\u6216\u96f7\u96e8", "\u76f8\u5c0d\u6ebc\u5ea6"], "NuSVR": ["\u6674", "\u591a\u96f2", "\u9670", "\u77ed\u66ab\u9663\u96e8", "\u77ed\u66ab\u9663\u96e8\u6216\u96f7\u96e8", "\u5348\u5f8c\u77ed\u66ab\u96f7\u9663\u96e8", "\u9663\u96e8\u6216\u96f7\u96e8", "\u76f8\u5c0d\u6ebc\u5ea6"]}, "hyperparameters_dict": {"XGBoost": {"max_depth": 2, "n_estimators": 20}, "SVR": {"C": 0.13342027218596095, "kernel": "linear"}, "NuSVR": {"C": 66.51547887300393, "kernel": "rbf", "nu": 0.6657911326942507}}, "weights": {"XGBoost": 0.01135534578974957, "SVR": 0.5945741293654488, "NuSVR": 0.39407052484353655}}