{"X_feature_dict": {"LinearRegression": ["\u6eab\u5ea6"], "RandomForest": ["\u6eab\u5ea6"], "XGBoost": ["\u6eab\u5ea6"], "SVR": ["\u6eab\u5ea6"], "NuSVR": ["\u6eab\u5ea6"], "LightGBM": ["\u6eab\u5ea6"]}, "hyperparameters_dict": {"LinearRegression": {}, "RandomForest": {"max_depth": 4, "n_estimators": 156}, "XGBoost": {"max_depth": 2, "n_estimators": 15}, "SVR": {"C": 0.0728374975766668, "kernel": "linear"}, "NuSVR": {"C": 0.9995438427496642, "kernel": "rbf", "nu": 0.4900179080149257}, "LightGBM": {"max_depth": 5, "n_estimators": 26}}, "weights": {"LinearRegression": 0.020715227603144627, "RandomForest": 0.25284642530189216, "XGBoost": 0.25726499137037134, "SVR": 0.15642565512202466, "NuSVR": 0.033178297222396354, "LightGBM": 0.27956940338017083}}